"id.exposure","id.outcome","outcome","exposure","method","nsnp","b","se","pval"
"izmQFn","0Jl4V0","cs","Endometriosis (Rahmioglu)","MR Egger",32,-0.288183420137904,0.217425568421765,0.195032783865922
"izmQFn","5glKJm","nvp_sev_subsamp","Endometriosis (Rahmioglu)","MR Egger",34,-0.0376971324899658,0.061395675308843,0.543554087576629
"izmQFn","7mW2uw","gh_subsamp","Endometriosis (Rahmioglu)","MR Egger",33,-0.00479186100902558,0.13919853180614,0.9727592340225
"izmQFn","8a1Uwg","bf_sus","Endometriosis (Rahmioglu)","MR Egger",33,0.0240841185290955,0.145681128701287,0.869764905500614
"izmQFn","8iCDrt","hdp_subsamp","Endometriosis (Rahmioglu)","MR Egger",32,0.125373874566795,0.107212623203467,0.251452209532273
"izmQFn","8nR86Z","apgar1","Endometriosis (Rahmioglu)","MR Egger",34,-0.149440038140438,0.0757930766061379,0.0573430210654031
"izmQFn","Antepartum_bleeding_filtered","Antepartum_bleeding_filtered","Endometriosis (Rahmioglu)","MR Egger",40,0.316898969578691,0.276059676667327,0.258170410991126
"izmQFn","AxdkAe","s_misc_subsamp","Endometriosis (Rahmioglu)","MR Egger",34,0.0503301501030812,0.0788360755180945,0.527746393655036
"izmQFn","BdGl3T","rup_memb","Endometriosis (Rahmioglu)","MR Egger",34,0.244322385749079,0.162298693402522,0.142032498169201
"izmQFn","Early_bleeding_ending_in_live_birth_filtered","Early_bleeding_ending_in_live_birth_filtered","Endometriosis (Rahmioglu)","MR Egger",40,-0.0190952008670827,0.186675767278711,0.919063801788918
"izmQFn","Early_bleeding_with_any_outcome_filtered","Early_bleeding_with_any_outcome_filtered","Endometriosis (Rahmioglu)","MR Egger",40,0.166741187882989,0.112025606818309,0.144892718598052
"izmQFn","eSGwx8","bf_dur_4c","Endometriosis (Rahmioglu)","MR Egger",34,0.0278300244575758,0.0611071042693743,0.651875044687692
"izmQFn","finngen_R12_N14_FEMALEINFERT_filtered","finngen_R12_N14_FEMALEINFERT_filtered","Endometriosis (Rahmioglu)","MR Egger",40,0.527590040272499,0.158745456869558,0.00197540957345524
"izmQFn","finngen_R12_O15_PLAC_DISORD_filtered","finngen_R12_O15_PLAC_DISORD_filtered","Endometriosis (Rahmioglu)","MR Egger",40,-0.0360706407107886,0.722241288361942,0.960429687685427
"izmQFn","finngen_R12_O15_PLAC_PRAEVIA_filtered","finngen_R12_O15_PLAC_PRAEVIA_filtered","Endometriosis (Rahmioglu)","MR Egger",40,0.476144066038042,0.311655012704023,0.134846086293733
"izmQFn","finngen_R12_O15_PLAC_PREMAT_SEPAR_filtered","finngen_R12_O15_PLAC_PREMAT_SEPAR_filtered","Endometriosis (Rahmioglu)","MR Egger",40,0.50073189882059,0.446128874846428,0.268737385853357
"izmQFn","finngen_R12_O15_PREG_ECTOP_filtered","finngen_R12_O15_PREG_ECTOP_filtered","Endometriosis (Rahmioglu)","MR Egger",40,0.155286388791894,0.16918092097178,0.364475354491949
"izmQFn","fWCNVX","r_misc_subsamp","Endometriosis (Rahmioglu)","MR Egger",34,0.458480331733045,0.256938782671184,0.0838443805511633
"izmQFn","gfnGj0","ga_subsamp","Endometriosis (Rahmioglu)","MR Egger",34,0.181204651280311,0.237139133607509,0.450388981614378
"izmQFn","GIaaMb","depr_subsamp","Endometriosis (Rahmioglu)","MR Egger",34,-0.0793924916528155,0.134254859906369,0.558436166766822
"izmQFn","h5lugE","bf_est","Endometriosis (Rahmioglu)","MR Egger",33,0.0293562459669422,0.146309148157477,0.842286524254748
"izmQFn","hb5NoX","pretb_all","Endometriosis (Rahmioglu)","MR Egger",34,-0.280384963553005,0.242521413677871,0.256189091485044
"izmQFn","igiFRe","posttb_all","Endometriosis (Rahmioglu)","MR Egger",34,0.0447329115486378,0.276077520492455,0.872300815720047
"izmQFn","ipoPYO","zbw_all","Endometriosis (Rahmioglu)","MR Egger",34,0.013417120896934,0.109240699381295,0.90301650005866
"izmQFn","jSbdVa","em_cs","Endometriosis (Rahmioglu)","MR Egger",32,0.59861292310117,0.254793536228731,0.0255804174840311
"izmQFn","kQDJhZ","bf_ini","Endometriosis (Rahmioglu)","MR Egger",33,0.0380956817040246,0.165465439660588,0.819422930262689
"izmQFn","kqZUZO","hbw_all","Endometriosis (Rahmioglu)","MR Egger",34,0.0352693825737841,0.265225984911736,0.895043017597194
"izmQFn","LDTd5K","lga","Endometriosis (Rahmioglu)","MR Egger",34,0.101331627213477,0.261916976302126,0.701402678276199
"izmQFn","Loj9vx","sb_subsamp","Endometriosis (Rahmioglu)","MR Egger",34,0.0626020685897211,0.220103348825954,0.777920062032228
"izmQFn","N2y2RK","hyp","Endometriosis (Rahmioglu)","MR Egger",33,-0.224250102776131,0.248041081586263,0.372923109016299
"izmQFn","NpF9J3","gdm_subsamp","Endometriosis (Rahmioglu)","MR Egger",33,-0.116444723220168,0.111546508905115,0.304598745935238
"izmQFn","oCLH4Y","pe_subsamp","Endometriosis (Rahmioglu)","MR Egger",33,0.116976390017626,0.131883063389314,0.381924545242785
"izmQFn","OlM2tR","lowapgar5","Endometriosis (Rahmioglu)","MR Egger",34,0.846101788710401,0.682583638276837,0.224153031653713
"izmQFn","Postpartum_hemorrhage_due_to_atony_filtered","Postpartum_hemorrhage_due_to_atony_filtered","Endometriosis (Rahmioglu)","MR Egger",40,-0.470528147053657,0.172621205714947,0.0096475977155396
"izmQFn","Postpartum_hemorrhage_due_to_retained_placenta_filtered","Postpartum_hemorrhage_due_to_retained_placenta_filtered","Endometriosis (Rahmioglu)","MR Egger",40,-0.527997054429027,0.302367212470491,0.0888548194080975
"izmQFn","Postpartum_hemorrhage_filtered","Postpartum_hemorrhage_filtered","Endometriosis (Rahmioglu)","MR Egger",40,-0.447356590604586,0.168968425396068,0.0117370476585895
"izmQFn","pRMjBo","lowapgar1","Endometriosis (Rahmioglu)","MR Egger",30,0.571794819621677,0.359426048141667,0.122870845378239
"izmQFn","q9LWIJ","sga","Endometriosis (Rahmioglu)","MR Egger",33,0.216169834325172,0.216123808841533,0.324951324016858
"izmQFn","QRLC9k","anaemia_preg_all","Endometriosis (Rahmioglu)","MR Egger",34,-0.229451153223363,0.345167598835653,0.510971117638539
"izmQFn","qWxmJF","ga_all","Endometriosis (Rahmioglu)","MR Egger",34,0.17278439450444,0.235995648257382,0.469405300709805
"izmQFn","r62ZT8","misc_subsamp","Endometriosis (Rahmioglu)","MR Egger",34,0.0532216861650549,0.0641109857246193,0.412605103626097
"izmQFn","S2KkuO","el_cs","Endometriosis (Rahmioglu)","MR Egger",29,0.694525771681421,0.309082046742319,0.0330124863934649
"izmQFn","tA6QKc","pretb_subsamp","Endometriosis (Rahmioglu)","MR Egger",33,-0.355129817574407,0.26394888767457,0.188239728704332
"izmQFn","tpqPUC","apgar5","Endometriosis (Rahmioglu)","MR Egger",34,-0.045852985918847,0.0523716562509219,0.38781003169943
"izmQFn","u1NnGJ","nicu","Endometriosis (Rahmioglu)","MR Egger",33,0.105734194089158,0.263692345725647,0.691188583022719
"izmQFn","uCy6N6","vpretb_all","Endometriosis (Rahmioglu)","MR Egger",33,-1.06234182090348,0.552701183240093,0.0638268117835572
"izmQFn","ueiHcR","induction","Endometriosis (Rahmioglu)","MR Egger",32,0.230938250550755,0.286509748438535,0.426563392620128
"izmQFn","XxgHsi","lbw_all","Endometriosis (Rahmioglu)","MR Egger",34,-0.165987951289575,0.307685934590283,0.593295451991381
"izmQFn","yCC0d6","nvp_sev_all","Endometriosis (Rahmioglu)","MR Egger",34,-0.0231995536217408,0.0582618042010402,0.693130876217392
